First Name,Last Name,DOB,Gender,Marital status,Passport number,Passport Issue date,Passport Issue place,Passport Expiry date,Email,Phone,Position applied for,Country,City,National ID,Travelling to,Visa Type,Nationality
Hassa,Reacher,18/1/1997,Male,Single,AB1929312,19/1/2001,Dhaka,19/1/2024,abc@gmail.com,88918219171,Worker,Bangladesh,Dhaka,324132223,Saudi Arabia,Work Visa,Bangladeshi
Hassa,Reacher,18/1/1997,Male,Single,AB1929312,19/1/2001,Dhaka,19/1/2024,abc@gmail.com,88918219171,Worker,Bangladesh,Dhaka,324132223,Saudi Arabia,Work Visa,Bangladeshi
Hassa,Reacher,18/1/1997,Male,Single,AB1929312,19/1/2001,Dhaka,19/1/2024,abc@gmail.com,88918219171,Worker,Bangladesh,Dhaka,324132223,Saudi Arabia,Work Visa,Bangladeshi
Hassa,Reacher,18/1/1997,Male,Single,AB1929312,19/1/2001,Dhaka,19/1/2024,abc@gmail.com,88918219171,Worker,Bangladesh,Dhaka,324132223,Saudi Arabia,Work Visa,Bangladeshi
Hamz,jason,18/1/2000,Female,Married,AB1929316,19/1/2004,Dhaka,19/1/2027,bcd@gmail.com,18914219282,Worker,Bangladesh,Dhaka,312633023,Saudi Arabia,Family Visa,Bangladeshi
Hassa,Reacher,18/1/1997,Male,Single,AB1929312,19/1/2001,Dhaka,19/1/2024,abc@gmail.com,88918219171,Worker,Bangladesh,Dhaka,324132223,Saudi Arabia,Work Visa,Bangladeshi
Hassa,Reacher,18/1/1997,Male,Single,AB1929312,19/1/2001,Dhaka,19/1/2024,abc@gmail.com,88918219171,Worker,Bangladesh,Dhaka,324132223,Saudi Arabia,Work Visa,Bangladeshi
Hassa,Reacher,18/1/1997,Male,Single,AB1929312,19/1/2001,Dhaka,19/1/2024,abc@gmail.com,88918219171,Worker,Bangladesh,Dhaka,324132223,Saudi Arabia,Work Visa,Bangladeshi
Hassa,Reacher,18/1/1997,Male,Single,AB1929312,19/1/2001,Dhaka,19/1/2024,abc@gmail.com,88918219171,Worker,Bangladesh,Dhaka,324132223,Saudi Arabia,Work Visa,Bangladeshi
Hassa,Reacher,18/1/1997,Male,Single,AB1929312,19/1/2001,Dhaka,19/1/2024,abc@gmail.com,88918219171,Worker,Bangladesh,Dhaka,324132223,Saudi Arabia,Work Visa,Bangladeshi
Hassa,Reacher,18/1/1997,Male,Single,AB1929312,19/1/2001,Dhaka,19/1/2024,abc@gmail.com,88918219171,Worker,Bangladesh,Dhaka,324132223,Saudi Arabia,Work Visa,Bangladeshi
Hassa,Reacher,18/1/1997,Male,Single,AB1929312,19/1/2001,Dhaka,19/1/2024,abc@gmail.com,88918219171,Worker,Bangladesh,Dhaka,324132223,Saudi Arabia,Work Visa,Bangladeshi
Hassa,Reacher,18/1/1997,Male,Single,AB1929312,19/1/2001,Dhaka,19/1/2024,abc@gmail.com,88918219171,Worker,Bangladesh,Dhaka,324132223,Saudi Arabia,Work Visa,Bangladeshi
Hassa,Reacher,18/1/1997,Male,Single,AB1929312,19/1/2001,Dhaka,19/1/2024,abc@gmail.com,88918219171,Worker,Bangladesh,Dhaka,324132223,Saudi Arabia,Work Visa,Bangladeshi
Hassa,Reacher,18/1/1997,Male,Single,AB1929312,19/1/2001,Dhaka,19/1/2024,abc@gmail.com,88918219171,Worker,Bangladesh,Dhaka,324132223,Saudi Arabia,Work Visa,Bangladeshi
Hassa,Reacher,18/1/1997,Male,Single,AB1929312,19/1/2001,Dhaka,19/1/2024,abc@gmail.com,88918219171,Worker,Bangladesh,Dhaka,324132223,Saudi Arabia,Work Visa,Bangladeshi
Hassa,Reacher,18/1/1997,Male,Single,AB1929312,19/1/2001,Dhaka,19/1/2024,abc@gmail.com,88918219171,Worker,Bangladesh,Dhaka,324132223,Saudi Arabia,Work Visa,Bangladeshi
Hassa,Reacher,18/1/1997,Male,Single,AB1929312,19/1/2001,Dhaka,19/1/2024,abc@gmail.com,88918219171,Worker,Bangladesh,Dhaka,324132223,Saudi Arabia,Work Visa,Bangladeshi
Hassa,Reacher,18/1/1997,Male,Single,AB1929312,19/1/2001,Dhaka,19/1/2024,abc@gmail.com,88918219171,Worker,Bangladesh,Dhaka,324132223,Saudi Arabia,Work Visa,Bangladeshi
Hassa,Reacher,18/1/1997,Male,Single,AB1929312,19/1/2001,Dhaka,19/1/2024,abc@gmail.com,88918219171,Worker,Bangladesh,Dhaka,324132223,Saudi Arabia,Work Visa,Bangladeshi
